Price,Adj Close,Close,High,Low,Open,Volume
Ticker,RIVN,RIVN,RIVN,RIVN,RIVN,RIVN
Date,,,,,,
2022-01-03,102.72000122070312,102.72000122070312,106.55000305175781,100.25,106.13999938964844,8346800
2022-01-04,101.38999938964844,101.38999938964844,106.80000305175781,99.01399993896484,102.98999786376953,12152200
2022-01-05,90.01000213623047,90.01000213623047,99.21499633789062,89.27999877929688,98.31999969482422,18645100
2022-01-06,87.33000183105469,87.33000183105469,92.02999877929688,75.12999725341797,91.87999725341797,39827100
2022-01-07,86.27999877929688,86.27999877929688,89.2699966430664,81.62100219726562,87.0199966430664,17515900
2022-01-10,81.44000244140625,81.44000244140625,83.75,77.6500015258789,83.5199966430664,17289800
2022-01-11,83.55000305175781,83.55000305175781,86.58000183105469,78.12000274658203,78.94000244140625,19970600
2022-01-12,86.4800033569336,86.4800033569336,88.06999969482422,82.62999725341797,84.9000015258789,14422800
2022-01-13,80.30999755859375,80.30999755859375,86.94000244140625,79.88999938964844,86.94000244140625,13677500
2022-01-14,79.94999694824219,79.94999694824219,81.69000244140625,77.01000213623047,79.56999969482422,15838000
2022-01-18,73.16000366210938,73.16000366210938,77.83999633789062,72.8550033569336,77.5250015258789,16803700
2022-01-19,69.4000015258789,69.4000015258789,76.31999969482422,68.94999694824219,74.81999969482422,15068400
2022-01-20,65.0199966430664,65.0199966430664,72.08000183105469,64.80999755859375,70.85800170898438,18642700
2022-01-21,64.51000213623047,64.51000213623047,67.16000366210938,60.5099983215332,63.8650016784668,19344700
2022-01-24,63.900001525878906,63.900001525878906,64.30000305175781,55.099998474121094,60.11000061035156,24115900
2022-01-25,59.61000061035156,59.61000061035156,61.93000030517578,58.0,61.10499954223633,16557200
2022-01-26,60.27000045776367,60.27000045776367,68.06999969482422,59.0099983215332,62.349998474121094,23694100
2022-01-27,53.939998626708984,53.939998626708984,61.70000076293945,53.33100128173828,61.33000183105469,23416400
2022-01-28,57.119998931884766,57.119998931884766,57.29999923706055,50.0,53.599998474121094,23965100
2022-01-31,65.73999786376953,65.73999786376953,65.93000030517578,57.91999816894531,58.650001525878906,18684900
2022-02-01,69.62000274658203,69.62000274658203,71.45999908447266,62.349998474121094,67.27999877929688,24476500
2022-02-02,64.31999969482422,64.31999969482422,69.9000015258789,63.54999923706055,69.38999938964844,15610300
2022-02-03,60.36000061035156,60.36000061035156,63.91899871826172,59.0,60.82699966430664,19776300
2022-02-04,60.869998931884766,60.869998931884766,62.779998779296875,59.11000061035156,62.064998626708984,14588500
2022-02-07,58.36000061035156,58.36000061035156,63.83000183105469,57.52000045776367,60.875,14782000
2022-02-08,60.95000076293945,60.95000076293945,61.540000915527344,56.439998626708984,58.08000183105469,12079200
2022-02-09,64.52999877929688,64.52999877929688,65.12000274658203,60.75,61.86000061035156,13343700
2022-02-10,64.72000122070312,64.72000122070312,68.9800033569336,60.65999984741211,61.45500183105469,17665400
2022-02-11,58.849998474121094,58.849998474121094,66.4000015258789,57.70000076293945,64.5,15293400
2022-02-14,62.650001525878906,62.650001525878906,66.4000015258789,59.900001525878906,60.36000061035156,26874500
2022-02-15,66.29000091552734,66.29000091552734,67.18000030517578,63.880001068115234,65.80000305175781,16267400
2022-02-16,66.25,66.25,66.43000030517578,63.34000015258789,65.37000274658203,12768300
2022-02-17,64.73999786376953,64.73999786376953,71.5,64.12999725341797,64.68499755859375,22387700
2022-02-18,66.37000274658203,66.37000274658203,66.9000015258789,63.0099983215332,65.77300262451172,14965900
2022-02-22,62.38999938964844,62.38999938964844,69.0999984741211,59.7599983215332,65.25,22737000
2022-02-23,57.529998779296875,57.529998779296875,63.5,57.04999923706055,63.426998138427734,22637000
2022-02-24,63.709999084472656,63.709999084472656,64.43000030517578,53.5,54.2400016784668,24082200
2022-02-25,63.43000030517578,63.43000030517578,63.9900016784668,60.810001373291016,63.349998474121094,13455200
2022-02-28,67.55999755859375,67.55999755859375,68.1500015258789,62.400001525878906,63.4900016784668,19270200
2022-03-01,61.90999984741211,61.90999984741211,66.54000091552734,60.79999923706055,65.43000030517578,17204100
2022-03-02,53.560001373291016,53.560001373291016,59.13999938964844,53.29999923706055,59.1349983215332,36559800
2022-03-03,50.90999984741211,50.90999984741211,56.0,50.02000045776367,54.36000061035156,28535500
2022-03-04,47.38999938964844,47.38999938964844,51.40999984741211,46.65999984741211,51.0099983215332,24392200
2022-03-07,42.43000030517578,42.43000030517578,49.439998626708984,42.279998779296875,48.0,22985200
2022-03-08,42.209999084472656,42.209999084472656,45.060001373291016,39.86000061035156,41.88999938964844,25165000
2022-03-09,43.95000076293945,43.95000076293945,46.25,42.689998626708984,43.38999938964844,15784700
2022-03-10,41.15999984741211,41.15999984741211,44.189998626708984,39.77000045776367,44.10499954223633,31481100
2022-03-11,38.04999923706055,38.04999923706055,41.0,37.5,38.31999969482422,42597900
2022-03-14,35.83000183105469,35.83000183105469,37.7400016784668,34.900001525878906,37.7400016784668,20756400
2022-03-15,37.0,37.0,37.31999969482422,33.459999084472656,35.66999816894531,19671300
2022-03-16,41.58000183105469,41.58000183105469,42.099998474121094,37.650001525878906,38.5,23752200
2022-03-17,42.130001068115234,42.130001068115234,42.75,38.52000045776367,40.84000015258789,17167200
2022-03-18,45.599998474121094,45.599998474121094,45.70000076293945,42.332000732421875,42.61000061035156,19770600
2022-03-21,43.560001373291016,43.560001373291016,46.54999923706055,42.310001373291016,45.63999938964844,13227000
2022-03-22,46.93000030517578,46.93000030517578,48.29999923706055,43.130001068115234,43.650001525878906,13110500
2022-03-23,45.869998931884766,45.869998931884766,48.0,44.630001068115234,46.470001220703125,12025100
2022-03-24,48.65999984741211,48.65999984741211,48.70000076293945,44.599998474121094,46.25,12804900
2022-03-25,46.15999984741211,46.15999984741211,49.099998474121094,45.22999954223633,48.869998931884766,10825100
2022-03-28,45.97999954223633,45.97999954223633,48.165000915527344,44.0,46.834999084472656,11018400
2022-03-29,53.880001068115234,53.880001068115234,54.83000183105469,46.61000061035156,47.36000061035156,26325300
2022-03-30,52.0099983215332,52.0099983215332,56.7599983215332,51.810001373291016,52.73500061035156,20271700
2022-03-31,50.2400016784668,50.2400016784668,51.93000030517578,49.54999923706055,51.89500045776367,12740900
2022-04-01,46.439998626708984,46.439998626708984,50.2599983215332,46.209999084472656,50.18000030517578,15244400
2022-04-04,46.529998779296875,46.529998779296875,47.69499969482422,45.650001525878906,46.79999923706055,15532900
2022-04-05,42.189998626708984,42.189998626708984,46.880001068115234,41.88999938964844,46.529998779296875,19576500
2022-04-06,40.099998474121094,40.099998474121094,43.349998474121094,39.57099914550781,43.29999923706055,22212700
2022-04-07,39.97999954223633,39.97999954223633,40.5,37.599998474121094,40.36000061035156,19428600
2022-04-08,38.79999923706055,38.79999923706055,41.04100036621094,38.308998107910156,39.4900016784668,10675700
2022-04-11,39.5,39.5,41.939998626708984,37.150001525878906,37.84000015258789,14206700
2022-04-12,38.150001525878906,38.150001525878906,41.9900016784668,37.66999816894531,40.22999954223633,14264500
2022-04-13,41.150001525878906,41.150001525878906,41.27000045776367,37.310001373291016,38.30500030517578,14068100
2022-04-14,40.59000015258789,40.59000015258789,41.900001525878906,40.209999084472656,40.25,9206100
2022-04-18,38.22999954223633,38.22999954223633,40.63999938964844,37.31999969482422,40.02000045776367,12841600
2022-04-19,39.150001525878906,39.150001525878906,39.77000045776367,36.65999984741211,38.189998626708984,11382200
2022-04-20,36.22999954223633,36.22999954223633,39.45000076293945,36.119998931884766,38.970001220703125,12648500
2022-04-21,33.7599983215332,33.7599983215332,37.9900016784668,33.380001068115234,37.189998626708984,21534500
2022-04-22,33.61000061035156,33.61000061035156,34.67399978637695,32.400001525878906,33.779998779296875,12670200
2022-04-25,33.900001525878906,33.900001525878906,34.849998474121094,33.04999923706055,33.369998931884766,12433700
2022-04-26,30.68000030517578,30.68000030517578,33.79999923706055,30.579999923706055,33.5099983215332,18830000
2022-04-27,31.219999313354492,31.219999313354492,32.83000183105469,30.75,31.920000076293945,15143700
2022-04-28,32.18000030517578,32.18000030517578,32.334999084472656,29.440000534057617,31.56999969482422,17179300
2022-04-29,30.239999771118164,30.239999771118164,33.779998779296875,30.100000381469727,32.27000045776367,12877400
2022-05-02,31.739999771118164,31.739999771118164,31.8799991607666,29.31999969482422,29.940000534057617,13888900
2022-05-03,31.989999771118164,31.989999771118164,33.630001068115234,31.1200008392334,31.450000762939453,14738500
2022-05-04,33.91999816894531,33.91999816894531,34.275001525878906,30.549999237060547,31.600000381469727,16040800
2022-05-05,30.709999084472656,30.709999084472656,33.27000045776367,30.079999923706055,33.04999923706055,15878300
2022-05-06,28.790000915527344,28.790000915527344,31.045000076293945,28.709999084472656,30.8700008392334,20691000
2022-05-09,22.780000686645508,22.780000686645508,25.82900047302246,22.450000762939453,25.0,84388400
2022-05-10,22.790000915527344,22.790000915527344,24.399999618530273,21.0,23.8700008392334,33317000
2022-05-11,20.600000381469727,20.600000381469727,23.5,19.25,22.905000686645508,53073500
2022-05-12,24.299999237060547,24.299999237060547,26.700000762939453,21.68000030517578,22.190000534057617,73921500
2022-05-13,26.700000762939453,26.700000762939453,27.979999542236328,26.170000076293945,26.969999313354492,42674900
2022-05-16,24.860000610351562,24.860000610351562,26.999000549316406,24.329999923706055,26.469999313354492,32135000
2022-05-17,27.489999771118164,27.489999771118164,27.8700008392334,25.7189998626709,25.850000381469727,26958800
2022-05-18,27.290000915527344,27.290000915527344,29.219999313354492,26.309999465942383,27.165000915527344,26828100
2022-05-19,29.610000610351562,29.610000610351562,30.40999984741211,27.450000762939453,27.825000762939453,29571900
2022-05-20,28.920000076293945,28.920000076293945,30.649999618530273,27.280000686645508,30.299999237060547,22757600
2022-05-23,27.989999771118164,27.989999771118164,28.610000610351562,26.700000762939453,28.610000610351562,21521800
2022-05-24,26.530000686645508,26.530000686645508,27.5,25.540000915527344,27.385000228881836,19068400
2022-05-25,27.25,27.25,27.725000381469727,25.719999313354492,26.389999389648438,15742100
2022-05-26,29.229999542236328,29.229999542236328,29.920000076293945,27.08099937438965,27.229999542236328,14536300
2022-05-27,30.959999084472656,30.959999084472656,31.820999145507812,29.579999923706055,29.59000015258789,17473200
2022-05-31,31.399999618530273,31.399999618530273,32.599998474121094,30.09000015258789,32.345001220703125,21305700
2022-06-01,30.25,30.25,32.220001220703125,29.950000762939453,31.649999618530273,13533300
2022-06-02,31.940000534057617,31.940000534057617,32.790000915527344,29.15999984741211,29.389999389648438,15150700
2022-06-03,30.190000534057617,30.190000534057617,31.459999084472656,29.87700080871582,30.850000381469727,13756000
2022-06-06,28.979999542236328,28.979999542236328,31.0,28.674999237060547,30.850000381469727,14661700
2022-06-07,29.719999313354492,29.719999313354492,29.760000228881836,27.399999618530273,28.600000381469727,17555100
2022-06-08,29.799999237060547,29.799999237060547,31.420000076293945,29.6299991607666,29.690000534057617,12660200
2022-06-09,28.8700008392334,28.8700008392334,30.209999084472656,28.729999542236328,29.5,10777800
2022-06-10,28.360000610351562,28.360000610351562,29.639999389648438,27.709999084472656,28.329999923706055,14376000
2022-06-13,26.809999465942383,26.809999465942383,27.8700008392334,26.371000289916992,27.15999984741211,19542300
2022-06-14,27.299999237060547,27.299999237060547,28.68000030517578,26.025999069213867,26.690000534057617,16104400
2022-06-15,29.079999923706055,29.079999923706055,29.559999465942383,27.139999389648438,27.18000030517578,18559600
2022-06-16,26.420000076293945,26.420000076293945,28.899999618530273,25.799999237060547,27.950000762939453,22035100
2022-06-17,26.239999771118164,26.239999771118164,27.170000076293945,25.59000015258789,26.545000076293945,19308400
2022-06-21,29.06999969482422,29.06999969482422,30.360000610351562,26.979999542236328,26.979999542236328,25618100
2022-06-22,28.559999465942383,28.559999465942383,29.979999542236328,28.229999542236328,28.350000381469727,16135200
2022-06-23,29.469999313354492,29.469999313354492,29.649999618530273,27.790000915527344,28.860000610351562,14175600
2022-06-24,29.5,29.5,30.700000762939453,28.860000610351562,29.68000030517578,22063500
2022-06-27,28.440000534057617,28.440000534057617,30.149999618530273,28.010000228881836,29.56999969482422,11869900
2022-06-28,26.989999771118164,26.989999771118164,28.815000534057617,26.861000061035156,28.110000610351562,14406600
2022-06-29,26.270000457763672,26.270000457763672,26.979999542236328,25.65999984741211,26.530000686645508,10857700
2022-06-30,25.739999771118164,25.739999771118164,26.43000030517578,24.829999923706055,25.93000030517578,11633000
2022-07-01,25.700000762939453,25.700000762939453,26.780000686645508,25.295000076293945,25.90999984741211,8544400
2022-07-05,26.860000610351562,26.860000610351562,26.940000534057617,24.479999542236328,25.18000030517578,10455700
2022-07-06,29.65999984741211,29.65999984741211,30.600000381469727,28.0,28.0,36729400
2022-07-07,31.6299991607666,31.6299991607666,31.770000457763672,29.65999984741211,30.0,25560900
2022-07-08,31.989999771118164,31.989999771118164,33.20000076293945,30.559999465942383,31.424999237060547,20009700
2022-07-11,29.93000030517578,29.93000030517578,32.70000076293945,29.469999313354492,32.349998474121094,18678900
2022-07-12,30.149999618530273,30.149999618530273,30.59000015258789,28.950000762939453,29.729999542236328,15862000
2022-07-13,30.760000228881836,30.760000228881836,31.3700008392334,29.309999465942383,29.5,12542900
2022-07-14,30.829999923706055,30.829999923706055,30.959999084472656,29.399999618530273,30.540000915527344,10947200
2022-07-15,31.600000381469727,31.600000381469727,31.6299991607666,29.90999984741211,31.049999237060547,13762700
2022-07-18,31.799999237060547,31.799999237060547,33.58000183105469,31.700000762939453,32.45000076293945,13577000
2022-07-19,31.709999084472656,31.709999084472656,32.7400016784668,31.582000732421875,32.220001220703125,16245000
2022-07-20,32.7400016784668,32.7400016784668,33.29999923706055,31.788000106811523,31.889999389648438,17831400
2022-07-21,34.130001068115234,34.130001068115234,34.75,32.70000076293945,32.779998779296875,24446800
2022-07-22,32.47999954223633,32.47999954223633,35.40999984741211,32.0,35.119998931884766,16935800
2022-07-25,32.16999816894531,32.16999816894531,32.81999969482422,31.200000762939453,32.70000076293945,9878500
2022-07-26,31.690000534057617,31.690000534057617,31.81999969482422,30.860000610351562,31.333999633789062,7838700
2022-07-27,32.0099983215332,32.0099983215332,32.3650016784668,31.010000228881836,32.16999816894531,10371200
2022-07-28,33.845001220703125,33.845001220703125,33.90999984741211,31.899999618530273,32.79999923706055,11384200
2022-07-29,34.29999923706055,34.29999923706055,34.3650016784668,32.939998626708984,33.275001525878906,12381200
2022-08-01,34.810001373291016,34.810001373291016,35.47999954223633,33.834999084472656,34.29999923706055,12399100
2022-08-02,35.0099983215332,35.0099983215332,35.55500030517578,34.0,34.18000030517578,13829400
2022-08-03,36.59000015258789,36.59000015258789,36.790000915527344,34.47999954223633,35.439998626708984,14243800
2022-08-04,36.18000030517578,36.18000030517578,37.290000915527344,35.619998931884766,36.0,12410200
2022-08-05,35.66999816894531,35.66999816894531,36.310001373291016,35.10499954223633,36.09000015258789,12314100
2022-08-08,38.09000015258789,38.09000015258789,39.290000915527344,36.060001373291016,36.560001373291016,16294800
2022-08-09,36.70000076293945,36.70000076293945,38.09000015258789,36.279998779296875,37.7400016784668,12904500
2022-08-10,37.400001525878906,37.400001525878906,38.2599983215332,36.770999908447266,38.189998626708984,15370300
2022-08-11,38.95000076293945,38.95000076293945,39.95000076293945,37.75,38.60499954223633,35949100
2022-08-12,38.900001525878906,38.900001525878906,40.560001373291016,37.29999923706055,39.72999954223633,39044000
2022-08-15,37.279998779296875,37.279998779296875,39.290000915527344,36.459999084472656,37.2400016784668,21310400
2022-08-16,38.22999954223633,38.22999954223633,38.64500045776367,35.849998474121094,36.959999084472656,17280500
2022-08-17,36.41999816894531,36.41999816894531,38.130001068115234,36.26499938964844,37.650001525878906,11716100
2022-08-18,35.900001525878906,35.900001525878906,36.70000076293945,35.0099983215332,36.459999084472656,8882200
2022-08-19,34.45000076293945,34.45000076293945,35.08000183105469,33.77000045776367,34.959999084472656,10999200
2022-08-22,33.060001373291016,33.060001373291016,34.064998626708984,32.900001525878906,33.25,11006300
2022-08-23,32.209999084472656,32.209999084472656,33.59000015258789,31.969999313354492,33.18000030517578,9766800
2022-08-24,32.560001373291016,32.560001373291016,33.720001220703125,32.43000030517578,32.470001220703125,9434100
2022-08-25,32.900001525878906,32.900001525878906,33.369998931884766,32.58100128173828,32.88999938964844,8968400
2022-08-26,32.11000061035156,32.11000061035156,33.86000061035156,31.440000534057617,32.81999969482422,10728700
2022-08-29,32.310001373291016,32.310001373291016,33.2599983215332,31.549999237060547,31.600000381469727,8517300
2022-08-30,31.889999389648438,31.889999389648438,33.040000915527344,31.44499969482422,32.7400016784668,8541000
2022-08-31,32.709999084472656,32.709999084472656,33.13999938964844,31.760000228881836,32.54999923706055,19332800
2022-09-01,31.950000762939453,31.950000762939453,32.43000030517578,30.709999084472656,32.279998779296875,10468500
2022-09-02,32.06999969482422,32.06999969482422,32.560001373291016,30.899999618530273,32.209999084472656,8869500
2022-09-06,33.220001220703125,33.220001220703125,34.9900016784668,32.02000045776367,32.38999938964844,24795700
2022-09-07,33.25,33.25,34.400001525878906,32.70000076293945,33.279998779296875,15105300
2022-09-08,36.880001068115234,36.880001068115234,36.900001525878906,34.599998474121094,35.2400016784668,44772000
2022-09-09,37.54999923706055,37.54999923706055,37.880001068115234,35.209999084472656,36.279998779296875,27096200
2022-09-12,38.7400016784668,38.7400016784668,38.9900016784668,37.75,37.81999969482422,20863000
2022-09-13,38.7599983215332,38.7599983215332,39.56999969482422,36.849998474121094,37.02000045776367,24593700
2022-09-14,40.099998474121094,40.099998474121094,40.345001220703125,37.77399826049805,38.29999923706055,24685800
2022-09-15,39.689998626708984,39.689998626708984,40.86000061035156,38.88999938964844,39.79999923706055,24202000
2022-09-16,39.2599983215332,39.2599983215332,39.810001373291016,38.16999816894531,38.810001373291016,70434800
2022-09-19,37.939998626708984,37.939998626708984,38.88999938964844,37.0099983215332,38.81999969482422,18345500
2022-09-20,35.75,35.75,38.34000015258789,35.72999954223633,37.709999084472656,17513200
2022-09-21,35.099998474121094,35.099998474121094,36.66999816894531,34.84000015258789,35.650001525878906,13975000
2022-09-22,33.33000183105469,33.33000183105469,35.18000030517578,33.099998474121094,34.757999420166016,13544200
2022-09-23,33.560001373291016,33.560001373291016,33.58300018310547,31.770000457763672,32.709999084472656,16238500
2022-09-26,33.849998474121094,33.849998474121094,35.04999923706055,33.18000030517578,33.41999816894531,11315900
2022-09-27,33.790000915527344,33.790000915527344,35.16999816894531,33.18000030517578,34.91999816894531,11482000
2022-09-28,35.08000183105469,35.08000183105469,35.25,33.54999923706055,33.86000061035156,11277400
2022-09-29,32.310001373291016,32.310001373291016,35.7599983215332,32.13999938964844,35.34000015258789,16987900
2022-09-30,32.90999984741211,32.90999984741211,34.130001068115234,31.641000747680664,31.75,12381000
2022-10-03,31.889999389648438,31.889999389648438,32.849998474121094,31.010000228881836,32.72200012207031,13778400
2022-10-04,36.29999923706055,36.29999923706055,36.3849983215332,33.79999923706055,34.16999816894531,29058700
2022-10-05,36.130001068115234,36.130001068115234,36.22999954223633,34.650001525878906,36.16999816894531,15778900
2022-10-06,36.7599983215332,36.7599983215332,37.38999938964844,35.279998779296875,36.47999954223633,17266500
2022-10-07,33.95000076293945,33.95000076293945,36.007999420166016,33.0099983215332,35.709999084472656,22803600
2022-10-10,31.479999542236328,31.479999542236328,32.347999572753906,30.15999984741211,32.0,26171500
2022-10-11,32.33000183105469,32.33000183105469,33.685001373291016,30.809999465942383,31.447999954223633,20802800
2022-10-12,32.349998474121094,32.349998474121094,32.97700119018555,31.565000534057617,32.66999816894531,14040200
2022-10-13,32.5,32.5,33.18000030517578,30.329999923706055,30.950000762939453,16135000
2022-10-14,28.709999084472656,28.709999084472656,33.25,28.614999771118164,33.05500030517578,22520600
2022-10-17,30.700000762939453,30.700000762939453,30.84000015258789,29.399999618530273,29.809999465942383,14050600
2022-10-18,31.639999389648438,31.639999389648438,32.310001373291016,30.989999771118164,32.09600067138672,13668100
2022-10-19,31.5,31.5,31.760000228881836,30.56999969482422,30.90999984741211,10644900
2022-10-20,30.729999542236328,30.729999542236328,32.15999984741211,30.3700008392334,31.100000381469727,10633200
2022-10-21,31.920000076293945,31.920000076293945,32.0,30.09000015258789,30.389999389648438,9941800
2022-10-24,31.34000015258789,31.34000015258789,31.790000915527344,29.450000762939453,31.450000762939453,11197700
2022-10-25,34.4900016784668,34.4900016784668,34.75,31.325000762939453,31.325000762939453,18931400
2022-10-26,34.439998626708984,34.439998626708984,35.849998474121094,33.900001525878906,34.0,11335900
2022-10-27,34.5,34.5,35.220001220703125,33.900001525878906,34.369998931884766,8968100
2022-10-28,34.47999954223633,34.47999954223633,35.06999969482422,34.099998474121094,34.36000061035156,8410900
2022-10-31,34.970001220703125,34.970001220703125,35.994998931884766,33.970001220703125,34.279998779296875,23372500
2022-11-01,33.47999954223633,33.47999954223633,36.44599914550781,33.380001068115234,36.150001525878906,10366100
2022-11-02,31.520000457763672,31.520000457763672,33.755001068115234,31.459999084472656,33.5099983215332,10788300
2022-11-03,32.2400016784668,32.2400016784668,33.54999923706055,31.010000228881836,31.280000686645508,8075400
2022-11-04,31.989999771118164,31.989999771118164,33.5,31.100000381469727,33.43000030517578,8159200
2022-11-07,31.31999969482422,31.31999969482422,32.928001403808594,31.010000228881836,32.564998626708984,7414000
2022-11-08,31.850000381469727,31.850000381469727,32.84000015258789,30.350000381469727,31.450000762939453,11768900
2022-11-09,28.06999969482422,28.06999969482422,31.149999618530273,27.360000610351562,31.030000686645508,28081300
2022-11-10,32.959999084472656,32.959999084472656,33.52000045776367,31.1299991607666,32.8849983215332,29299900
2022-11-11,34.900001525878906,34.900001525878906,34.97999954223633,31.920000076293945,33.185001373291016,21051800
2022-11-14,34.380001068115234,34.380001068115234,35.150001525878906,33.20399856567383,34.38999938964844,12608900
2022-11-15,35.150001525878906,35.150001525878906,35.73500061035156,33.91999816894531,34.439998626708984,19268200
2022-11-16,33.31999969482422,33.31999969482422,34.4900016784668,32.849998474121094,34.35499954223633,10069200
2022-11-17,32.06999969482422,32.06999969482422,32.755001068115234,31.709999084472656,32.2400016784668,7890900
2022-11-18,30.34000015258789,30.34000015258789,32.689998626708984,29.809999465942383,32.650001525878906,13130200
2022-11-21,28.420000076293945,28.420000076293945,30.149999618530273,28.399999618530273,29.68000030517578,13508600
2022-11-22,28.940000534057617,28.940000534057617,29.469999313354492,27.850000381469727,28.579999923706055,10770200
2022-11-23,29.709999084472656,29.709999084472656,30.18000030517578,28.950000762939453,29.270000457763672,9511300
2022-11-25,29.530000686645508,29.530000686645508,29.639999389648438,29.100000381469727,29.639999389648438,3907600
2022-11-28,28.639999389648438,28.639999389648438,29.559999465942383,28.579999923706055,29.100000381469727,7746900
2022-11-29,28.850000381469727,28.850000381469727,29.489999771118164,28.665000915527344,29.149999618530273,6705700
2022-11-30,32.040000915527344,32.040000915527344,32.22999954223633,29.020000457763672,29.049999237060547,18375900
2022-12-01,31.479999542236328,31.479999542236328,32.599998474121094,30.299999237060547,31.96500015258789,12056800
2022-12-02,31.360000610351562,31.360000610351562,31.600000381469727,30.25,30.6299991607666,8879100
2022-12-05,29.530000686645508,29.530000686645508,31.344999313354492,29.434999465942383,31.010000228881836,7560400
2022-12-06,27.889999389648438,27.889999389648438,29.540000915527344,27.424999237060547,29.5,13170700
2022-12-07,27.940000534057617,27.940000534057617,28.226999282836914,27.270000457763672,27.75,8877300
2022-12-08,28.579999923706055,28.579999923706055,28.639999389648438,27.59000015258789,28.260000228881836,9582500
2022-12-09,27.290000915527344,27.290000915527344,29.274999618530273,27.2450008392334,28.350000381469727,11334500
2022-12-12,25.610000610351562,25.610000610351562,26.899999618530273,25.520000457763672,26.75,19596900
2022-12-13,24.959999084472656,24.959999084472656,27.959999084472656,24.6299991607666,27.200000762939453,20597300
2022-12-14,24.540000915527344,24.540000915527344,25.579999923706055,24.43000030517578,24.920000076293945,14213100
2022-12-15,23.969999313354492,23.969999313354492,25.059999465942383,23.860000610351562,24.030000686645508,13296000
2022-12-16,22.479999542236328,22.479999542236328,24.309999465942383,22.299999237060547,23.889999389648438,58554600
2022-12-19,22.030000686645508,22.030000686645508,22.739999771118164,21.850000381469727,22.530000686645508,18825200
2022-12-20,21.399999618530273,21.399999618530273,22.459999084472656,21.290000915527344,21.850000381469727,15114700
2022-12-21,21.030000686645508,21.030000686645508,21.610000610351562,20.729999542236328,21.575000762939453,13435000
2022-12-22,19.729999542236328,19.729999542236328,20.809999465942383,18.920000076293945,20.65999984741211,24271200
2022-12-23,19.139999389648438,19.139999389648438,19.770000457763672,18.52199935913086,19.764999389648438,18952000
2022-12-27,17.739999771118164,17.739999771118164,18.700000762939453,17.649999618530273,18.649999618530273,21663000
2022-12-28,17.739999771118164,17.739999771118164,18.260000228881836,17.450000762939453,17.75,20967700
2022-12-29,18.729999542236328,18.729999542236328,19.024999618530273,18.139999389648438,18.389999389648438,22063000
2022-12-30,18.43000030517578,18.43000030517578,18.577999114990234,17.915000915527344,18.25,17181800
2023-01-03,17.34000015258789,17.34000015258789,18.989999771118164,17.079999923706055,18.899999618530273,25993900
2023-01-04,17.709999084472656,17.709999084472656,18.059999465942383,16.559999465942383,17.200000762939453,28730200
2023-01-05,16.559999465942383,16.559999465942383,17.3799991607666,16.530000686645508,17.350000381469727,24201200
2023-01-06,16.399999618530273,16.399999618530273,16.655000686645508,15.84000015258789,16.09000015258789,22022300
2023-01-09,16.6200008392334,16.6200008392334,17.200000762939453,16.469999313354492,16.6200008392334,21572200
2023-01-10,16.450000762939453,16.450000762939453,17.3700008392334,16.020000457763672,16.81999969482422,26468300
2023-01-11,17.079999923706055,17.079999923706055,17.69499969482422,16.184999465942383,16.514999389648438,33365100
2023-01-12,17.579999923706055,17.579999923706055,17.780000686645508,16.479999542236328,17.25,30584200
2023-01-13,16.450000762939453,16.450000762939453,16.84000015258789,15.819999694824219,16.81999969482422,42771400
2023-01-17,16.93000030517578,16.93000030517578,17.280000686645508,16.371000289916992,16.674999237060547,25623600
2023-01-18,16.5,16.5,17.709999084472656,16.459999084472656,17.389999389648438,22158100
2023-01-19,15.789999961853027,15.789999961853027,16.360000610351562,15.279999732971191,16.23200035095215,28441500
2023-01-20,16.229999542236328,16.229999542236328,16.510000228881836,15.545000076293945,15.989999771118164,23673400
2023-01-23,18.100000381469727,18.100000381469727,18.3799991607666,16.440000534057617,16.479999542236328,41768300
2023-01-24,18.049999237060547,18.049999237060547,18.6299991607666,17.6200008392334,17.93000030517578,22660100
2023-01-25,18.690000534057617,18.690000534057617,18.764999389648438,17.1200008392334,17.40999984741211,26136500
2023-01-26,18.309999465942383,18.309999465942383,19.8799991607666,18.010000228881836,19.68000030517578,32276700
2023-01-27,19.829999923706055,19.829999923706055,21.440000534057617,18.139999389648438,18.219999313354492,73907100
2023-01-30,18.040000915527344,18.040000915527344,19.948999404907227,18.010000228881836,19.829999923706055,34992500
2023-01-31,19.399999618530273,19.399999618530273,19.43000030517578,17.77199935913086,18.09000015258789,31614400
2023-02-01,19.709999084472656,19.709999084472656,20.06999969482422,18.21500015258789,19.5,36443900
2023-02-02,20.8799991607666,20.8799991607666,22.09000015258789,20.31999969482422,20.440000534057617,39070000
2023-02-03,19.899999618530273,19.899999618530273,21.31999969482422,19.7450008392334,19.979999542236328,27177300
2023-02-06,20.219999313354492,20.219999313354492,20.360000610351562,19.610000610351562,19.799999237060547,15772600
2023-02-07,19.90999984741211,19.90999984741211,20.190000534057617,18.709999084472656,20.170000076293945,28566900
2023-02-08,20.079999923706055,20.079999923706055,20.3799991607666,19.450000762939453,19.489999771118164,18650900
2023-02-09,19.420000076293945,19.420000076293945,20.885000228881836,19.239999771118164,20.489999771118164,18834400
2023-02-10,18.850000381469727,18.850000381469727,19.15999984741211,18.549999237060547,18.940000534057617,17148500
2023-02-13,18.920000076293945,18.920000076293945,19.065000534057617,18.280000686645508,18.649999618530273,13538600
2023-02-14,19.489999771118164,19.489999771118164,19.639999389648438,18.18000030517578,18.56999969482422,17274200
2023-02-15,21.149999618530273,21.149999618530273,21.149999618530273,18.959999084472656,18.9950008392334,27957200
2023-02-16,20.68000030517578,20.68000030517578,21.68000030517578,20.31999969482422,20.790000915527344,21737700
2023-02-17,20.219999313354492,20.219999313354492,20.56999969482422,19.5,20.399999618530273,16589200
2023-02-21,19.079999923706055,19.079999923706055,19.93000030517578,18.969999313354492,19.674999237060547,13737700
2023-02-22,19.020000457763672,19.020000457763672,19.53499984741211,18.57200050354004,19.184999465942383,16786900
2023-02-23,18.18000030517578,18.18000030517578,18.93000030517578,17.5,18.889999389648438,25995900
2023-02-24,17.31999969482422,17.31999969482422,17.6299991607666,16.905000686645508,17.5,20161600
2023-02-27,18.450000762939453,18.450000762939453,18.6299991607666,17.600000381469727,17.760000228881836,20042500
2023-02-28,19.299999237060547,19.299999237060547,19.760000228881836,18.530000686645508,18.530000686645508,36331100
2023-03-01,15.760000228881836,15.760000228881836,17.68000030517578,15.5600004196167,17.649999618530273,87442100
2023-03-02,15.720000267028809,15.720000267028809,16.190000534057617,15.079999923706055,15.5649995803833,41698200
2023-03-03,16.920000076293945,16.920000076293945,17.479999542236328,15.720000267028809,16.020000457763672,48011300
2023-03-06,17.1299991607666,17.1299991607666,17.739999771118164,16.959999084472656,17.139999389648438,32080000
2023-03-07,14.640000343322754,14.640000343322754,15.9399995803833,14.609999656677246,15.925000190734863,128729000
2023-03-08,15.130000114440918,15.130000114440918,15.229999542236328,14.210000038146973,14.654999732971191,76217700
2023-03-09,14.529999732971191,14.529999732971191,15.260000228881836,14.440999984741211,14.890000343322754,40790600
2023-03-10,14.15999984741211,14.15999984741211,14.904999732971191,14.0,14.720000267028809,42475700
2023-03-13,13.729999542236328,13.729999542236328,14.109999656677246,13.119999885559082,13.800999641418457,43513000
2023-03-14,13.210000038146973,13.210000038146973,14.109999656677246,13.100000381469727,14.09000015258789,36173200
2023-03-15,13.029999732971191,13.029999732971191,13.392000198364258,12.795000076293945,12.91100025177002,43498100
2023-03-16,13.460000038146973,13.460000038146973,13.5,12.90999984741211,13.079999923706055,30325200
2023-03-17,13.010000228881836,13.010000228881836,13.319999694824219,12.800000190734863,13.210000038146973,36718200
2023-03-20,13.020000457763672,13.020000457763672,13.09000015258789,12.579999923706055,12.779999732971191,30927600
2023-03-21,13.609999656677246,13.609999656677246,13.739999771118164,13.130000114440918,13.180000305175781,27341300
2023-03-22,13.289999961853027,13.289999961853027,13.949000358581543,13.234999656677246,13.8100004196167,23357000
2023-03-23,13.710000038146973,13.710000038146973,13.989999771118164,13.40999984741211,13.5,20984200
2023-03-24,13.619999885559082,13.619999885559082,13.914999961853027,13.260000228881836,13.59000015258789,17770100
2023-03-27,13.3100004196167,13.3100004196167,13.84000015258789,13.210000038146973,13.800000190734863,16035400
2023-03-28,12.960000038146973,12.960000038146973,13.4350004196167,12.880000114440918,13.329999923706055,16396700
2023-03-29,14.239999771118164,14.239999771118164,14.4399995803833,13.180000305175781,13.319999694824219,34237300
2023-03-30,14.399999618530273,14.399999618530273,14.84000015258789,14.27299976348877,14.550000190734863,24339700
2023-03-31,15.479999542236328,15.479999542236328,15.680000305175781,14.40999984741211,14.539999961853027,38244700
2023-04-03,15.229999542236328,15.229999542236328,15.59000015258789,14.630000114440918,15.279999732971191,26714500
2023-04-04,15.380000114440918,15.380000114440918,15.795000076293945,14.729999542236328,15.279999732971191,21953000
2023-04-05,14.630000114440918,14.630000114440918,15.1899995803833,14.380000114440918,15.180000305175781,19066500
2023-04-06,14.470000267028809,14.470000267028809,14.8100004196167,14.3100004196167,14.569999694824219,14752500
2023-04-10,14.8100004196167,14.8100004196167,14.845000267028809,14.029999732971191,14.319999694824219,14468600
2023-04-11,14.739999771118164,14.739999771118164,15.085000038146973,14.649999618530273,14.979999542236328,14668600
2023-04-12,14.1899995803833,14.1899995803833,15.239999771118164,14.109999656677246,15.0600004196167,23278000
2023-04-13,14.369999885559082,14.369999885559082,14.484999656677246,14.1899995803833,14.399999618530273,13000500
2023-04-14,13.380000114440918,13.380000114440918,13.920000076293945,13.16100025177002,13.862000465393066,36941100
2023-04-17,13.729999542236328,13.729999542236328,14.114999771118164,13.34000015258789,13.390000343322754,24478200
2023-04-18,13.430000305175781,13.430000305175781,13.729999542236328,13.3100004196167,13.729999542236328,19327200
2023-04-19,12.819999694824219,12.819999694824219,13.079999923706055,12.65999984741211,13.0,31590500
2023-04-20,12.350000381469727,12.350000381469727,12.78499984741211,12.020000457763672,12.319999694824219,32712600
2023-04-21,12.25,12.25,12.380000114440918,11.880000114440918,12.364999771118164,20695000
2023-04-24,12.359999656677246,12.359999656677246,12.479999542236328,12.079999923706055,12.300000190734863,14196600
2023-04-25,12.0,12.0,12.274999618530273,11.960000038146973,12.1899995803833,17876600
2023-04-26,12.039999961853027,12.039999961853027,12.329999923706055,11.680000305175781,12.149999618530273,22594500
2023-04-27,12.670000076293945,12.670000076293945,12.779999732971191,12.079999923706055,12.170000076293945,22583400
2023-04-28,12.819999694824219,12.819999694824219,12.954999923706055,12.470000267028809,12.699999809265137,18185000
2023-05-01,12.649999618530273,12.649999618530273,12.829999923706055,12.369999885559082,12.805000305175781,12868700
2023-05-02,12.680000305175781,12.680000305175781,12.869999885559082,12.350000381469727,12.579999923706055,13130200
2023-05-03,12.8100004196167,12.8100004196167,13.114999771118164,12.5600004196167,12.680000305175781,14620000
2023-05-04,12.949999809265137,12.949999809265137,13.149999618530273,12.59000015258789,12.84000015258789,13429000
2023-05-05,13.40999984741211,13.40999984741211,13.630000114440918,13.095000267028809,13.140000343322754,16753700
2023-05-08,13.869999885559082,13.869999885559082,14.015000343322754,13.229999542236328,13.430000305175781,23002500
2023-05-09,13.859999656677246,13.859999656677246,14.085000038146973,13.119999885559082,13.350000381469727,34103300
2023-05-10,14.109999656677246,14.109999656677246,15.739999771118164,14.045000076293945,15.085000038146973,66713400
2023-05-11,13.84000015258789,13.84000015258789,14.574999809265137,13.720000267028809,14.210000038146973,26179600
2023-05-12,12.90999984741211,12.90999984741211,13.970000267028809,12.734999656677246,13.800000190734863,31010200
2023-05-15,13.4399995803833,13.4399995803833,13.539999961853027,12.550000190734863,12.59000015258789,22534000
2023-05-16,13.079999923706055,13.079999923706055,13.329999923706055,12.930000305175781,13.220000267028809,13799400
2023-05-17,13.40999984741211,13.40999984741211,13.454999923706055,13.0,13.079999923706055,16167300
2023-05-18,13.539999961853027,13.539999961853027,13.5600004196167,13.050000190734863,13.399999618530273,13853200
2023-05-19,13.470000267028809,13.470000267028809,14.300000190734863,13.289999961853027,13.520000457763672,24214000
2023-05-22,14.229999542236328,14.229999542236328,14.359999656677246,13.380000114440918,13.470000267028809,20291000
2023-05-23,14.199999809265137,14.199999809265137,14.760000228881836,14.0,14.039999961853027,18444200
2023-05-24,14.380000114440918,14.380000114440918,14.420000076293945,13.600000381469727,13.949999809265137,19055900
2023-05-25,14.569999694824219,14.569999694824219,14.65999984741211,14.140000343322754,14.270000457763672,16133200
2023-05-26,15.140000343322754,15.140000343322754,15.460000038146973,14.649999618530273,14.649999618530273,26601700
2023-05-30,14.869999885559082,14.869999885559082,15.65999984741211,14.4350004196167,15.600000381469727,29933800
2023-05-31,14.729999542236328,14.729999542236328,15.010000228881836,14.380000114440918,14.75,49316900
2023-06-01,14.579999923706055,14.579999923706055,14.9399995803833,14.020000457763672,14.430000305175781,25361800
2023-06-02,14.479999542236328,14.479999542236328,15.069999694824219,14.449999809265137,15.0,20094400
2023-06-05,14.34000015258789,14.34000015258789,14.670000076293945,14.024999618530273,14.59000015258789,17602000
2023-06-06,14.5,14.5,14.920000076293945,14.109999656677246,14.199999809265137,22214400
2023-06-07,13.819999694824219,13.819999694824219,14.755000114440918,13.8100004196167,14.699999809265137,30942800
2023-06-08,14.050000190734863,14.050000190734863,14.164999961853027,13.649999618530273,13.850000381469727,17716700
2023-06-09,13.869999885559082,13.869999885559082,14.859999656677246,13.829999923706055,14.260000228881836,25842500
2023-06-12,14.0,14.0,14.6899995803833,13.609999656677246,14.029999732971191,33762000
2023-06-13,15.25,15.25,15.460000038146973,14.095000267028809,14.220000267028809,46597700
2023-06-14,14.739999771118164,14.739999771118164,15.390000343322754,14.520000457763672,15.170000076293945,34759600
2023-06-15,15.239999771118164,15.239999771118164,15.574999809265137,14.390000343322754,14.479999542236328,33097500
2023-06-16,14.880000114440918,14.880000114440918,16.09000015258789,14.729999542236328,15.300000190734863,92159200
2023-06-20,15.699999809265137,15.699999809265137,15.829999923706055,15.0600004196167,15.239999771118164,39557100
2023-06-21,14.619999885559082,14.619999885559082,16.31999969482422,14.40999984741211,15.949999809265137,49422000
2023-06-22,14.149999618530273,14.149999618530273,14.649999618530273,14.020000457763672,14.399999618530273,25705600
2023-06-23,13.529999732971191,13.529999732971191,14.020000457763672,13.5,13.960000038146973,23892400
2023-06-26,13.449999809265137,13.449999809265137,13.970000267028809,13.380000114440918,13.59000015258789,21634500
2023-06-27,13.9399995803833,13.9399995803833,13.949999809265137,13.300000190734863,13.720000267028809,27593800
2023-06-28,14.640000343322754,14.640000343322754,14.869999885559082,13.819999694824219,13.899999618530273,32296400
2023-06-29,16.010000228881836,16.010000228881836,16.010000228881836,14.609999656677246,14.739999771118164,48833700
2023-06-30,16.65999984741211,16.65999984741211,16.75,15.779999732971191,16.219999313354492,40353200
2023-07-03,19.559999465942383,19.559999465942383,19.700000762939453,17.799999237060547,17.84000015258789,79984800
2023-07-05,20.43000030517578,20.43000030517578,21.049999237060547,19.434999465942383,20.704999923706055,118923400
2023-07-06,21.6200008392334,21.6200008392334,21.770000457763672,19.639999389648438,20.049999237060547,98775300
2023-07-07,24.700000762939453,24.700000762939453,25.6299991607666,22.600000381469727,22.889999389648438,231200200
2023-07-10,25.510000228881836,25.510000228881836,26.610000610351562,23.579999923706055,25.520000457763672,174169400
2023-07-11,24.850000381469727,24.850000381469727,25.739999771118164,24.309999465942383,24.809999465942383,94875300
2023-07-12,25.90999984741211,25.90999984741211,26.26099967956543,23.709999084472656,25.40999984741211,107585800
2023-07-13,25.520000457763672,25.520000457763672,26.889999389648438,25.18000030517578,25.81999969482422,100021300
2023-07-14,24.81999969482422,24.81999969482422,25.790000915527344,24.540000915527344,25.350000381469727,54454900
2023-07-17,23.989999771118164,23.989999771118164,24.579999923706055,23.239999771118164,24.010000228881836,67076000
2023-07-18,24.690000534057617,24.690000534057617,25.829999923706055,23.739999771118164,23.889999389648438,66479500
2023-07-19,24.829999923706055,24.829999923706055,26.030000686645508,24.645000457763672,25.3799991607666,56565000
2023-07-20,25.809999465942383,25.809999465942383,26.139999389648438,23.850000381469727,24.450000762939453,79330300
2023-07-21,25.270000457763672,25.270000457763672,27.15999984741211,24.31999969482422,26.5,80834500
2023-07-24,25.809999465942383,25.809999465942383,26.3700008392334,24.740999221801758,25.290000915527344,59564500
2023-07-25,25.350000381469727,25.350000381469727,26.559999465942383,25.190000534057617,25.979999542236328,45926600
2023-07-26,27.149999618530273,27.149999618530273,27.6200008392334,25.450000762939453,25.5,73715900
2023-07-27,26.049999237060547,26.049999237060547,28.059999465942383,25.885000228881836,28.040000915527344,66937600
2023-07-28,26.940000534057617,26.940000534057617,27.469999313354492,26.329999923706055,26.65999984741211,48754300
2023-07-31,27.639999389648438,27.639999389648438,27.780000686645508,26.610000610351562,27.010000228881836,37941600
2023-08-01,27.299999237060547,27.299999237060547,27.635000228881836,26.350000381469727,27.190000534057617,40142600
2023-08-02,25.90999984741211,25.90999984741211,26.479999542236328,24.84000015258789,26.420000076293945,48226700
2023-08-03,26.5,26.5,27.010000228881836,25.350000381469727,25.3700008392334,31646800
2023-08-04,25.260000228881836,25.260000228881836,26.829999923706055,25.18000030517578,26.829999923706055,33437600
2023-08-07,24.280000686645508,24.280000686645508,25.739999771118164,23.6299991607666,25.690000534057617,38325800
2023-08-08,24.799999237060547,24.799999237060547,25.249000549316406,23.600000381469727,23.780000686645508,57613400
2023-08-09,22.350000381469727,22.350000381469727,25.729999542236328,22.260000228881836,24.829999923706055,84645900
2023-08-10,21.90999984741211,21.90999984741211,22.899999618530273,21.510000228881836,22.65999984741211,50575800
2023-08-11,21.56999969482422,21.56999969482422,21.979999542236328,21.280000686645508,21.979999542236328,30947200
2023-08-14,21.559999465942383,21.559999465942383,21.799999237060547,20.520000457763672,20.899999618530273,33997000
2023-08-15,20.780000686645508,20.780000686645508,21.860000610351562,20.450000762939453,21.65999984741211,31758200
2023-08-16,21.040000915527344,21.040000915527344,21.450000762939453,20.200000762939453,20.375,32188400
2023-08-17,20.950000762939453,20.950000762939453,21.799999237060547,20.65999984741211,21.059999465942383,34911600
2023-08-18,20.780000686645508,20.780000686645508,21.170000076293945,20.18000030517578,20.25,25477700
2023-08-21,21.18000030517578,21.18000030517578,21.31999969482422,20.739999771118164,20.860000610351562,21257500
2023-08-22,20.079999923706055,20.079999923706055,21.469999313354492,19.770000457763672,21.3799991607666,30521700
2023-08-23,20.31999969482422,20.31999969482422,20.489999771118164,19.610000610351562,19.760000228881836,17583100
2023-08-24,19.639999389648438,19.639999389648438,20.264999389648438,19.479999542236328,20.200000762939453,18934000
2023-08-25,20.06999969482422,20.06999969482422,20.325000762939453,19.56999969482422,19.920000076293945,17059400
2023-08-28,20.530000686645508,20.530000686645508,20.739999771118164,19.979999542236328,20.299999237060547,14795200
2023-08-29,22.309999465942383,22.309999465942383,22.329999923706055,20.351999282836914,20.3799991607666,33698400
2023-08-30,22.8799991607666,22.8799991607666,22.920000076293945,21.979999542236328,22.09000015258789,22796300
2023-08-31,22.729999542236328,22.729999542236328,23.454999923706055,22.364999771118164,23.030000686645508,26642500
2023-09-01,23.309999465942383,23.309999465942383,23.7549991607666,22.459999084472656,23.0,26340300
2023-09-05,23.389999389648438,23.389999389648438,23.709999084472656,23.1200008392334,23.170000076293945,18911800
2023-09-06,23.260000228881836,23.260000228881836,23.420000076293945,22.500999450683594,23.25,18103700
2023-09-07,23.420000076293945,23.420000076293945,23.489999771118164,22.43000030517578,22.489999771118164,18546400
2023-09-08,23.100000381469727,23.100000381469727,23.739999771118164,22.760000228881836,23.399999618530273,19056000
2023-09-11,23.40999984741211,23.40999984741211,23.950000762939453,22.889999389648438,23.5,26320100
2023-09-12,23.579999923706055,23.579999923706055,24.459999084472656,23.059999465942383,23.209999084472656,23942100
2023-09-13,23.25,23.25,23.760000228881836,23.204999923706055,23.59000015258789,15641900
2023-09-14,24.110000610351562,24.110000610351562,24.170000076293945,23.190000534057617,23.25,21598400
2023-09-15,24.18000030517578,24.18000030517578,24.6200008392334,23.68000030517578,24.239999771118164,38387000
2023-09-18,23.709999084472656,23.709999084472656,24.42099952697754,23.40999984741211,24.030000686645508,20517500
2023-09-19,22.739999771118164,22.739999771118164,23.510000228881836,21.809999465942383,23.5,33672800
2023-09-20,22.399999618530273,22.399999618530273,23.420000076293945,22.3799991607666,22.959999084472656,19550800
2023-09-21,21.530000686645508,21.530000686645508,22.200000762939453,21.520000457763672,21.799999237060547,19974500
2023-09-22,20.59000015258789,20.59000015258789,21.93000030517578,20.579999923706055,21.600000381469727,24225700
2023-09-25,21.1299991607666,21.1299991607666,21.670000076293945,20.030000686645508,20.399999618530273,24477000
2023-09-26,22.260000228881836,22.260000228881836,22.670000076293945,21.100000381469727,21.5,37062100
2023-09-27,23.049999237060547,23.049999237060547,23.329999923706055,21.989999771118164,22.639999389648438,31254100
2023-09-28,23.079999923706055,23.079999923706055,23.239999771118164,22.229999542236328,23.020000457763672,23054300
2023-09-29,24.280000686645508,24.280000686645508,24.5,23.389999389648438,23.450000762939453,35788700
2023-10-02,23.65999984741211,23.65999984741211,24.8700008392334,23.3700008392334,23.93000030517578,49561600
2023-10-03,21.690000534057617,21.690000534057617,23.420000076293945,21.559999465942383,23.18000030517578,42257500
2023-10-04,23.690000534057617,23.690000534057617,23.739999771118164,21.58300018310547,21.729999542236328,48606000
2023-10-05,18.270000457763672,18.270000457763672,21.389999389648438,18.010000228881836,21.200000762939453,189851600
2023-10-06,18.920000076293945,18.920000076293945,19.0,17.649999618530273,17.725000381469727,120649100
2023-10-09,18.780000686645508,18.780000686645508,18.969999313354492,17.788000106811523,18.299999237060547,51715300
2023-10-10,19.639999389648438,19.639999389648438,19.979999542236328,19.110000610351562,19.350000381469727,54126000
2023-10-11,19.3700008392334,19.3700008392334,20.190000534057617,19.100000381469727,19.81999969482422,41638100
2023-10-12,19.329999923706055,19.329999923706055,19.889999389648438,18.719999313354492,19.360000610351562,37700400
2023-10-13,19.299999237060547,19.299999237060547,19.46500015258789,18.780000686645508,19.270000457763672,29307500
2023-10-16,19.65999984741211,19.65999984741211,19.790000915527344,19.1299991607666,19.200000762939453,21031100
2023-10-17,19.899999618530273,19.899999618530273,20.219999313354492,19.209999084472656,19.280000686645508,34080300
2023-10-18,18.09000015258789,18.09000015258789,19.729999542236328,17.899999618530273,19.709999084472656,45912200
2023-10-19,17.15999984741211,17.15999984741211,17.989999771118164,17.06999969482422,17.799999237060547,41423000
2023-10-20,16.719999313354492,16.719999313354492,17.389999389648438,16.621999740600586,17.020000457763672,30792800
2023-10-23,17.06999969482422,17.06999969482422,17.649999618530273,16.09000015258789,16.549999237060547,30193300
2023-10-24,17.43000030517578,17.43000030517578,17.649999618530273,16.989999771118164,17.299999237060547,23001800
2023-10-25,17.020000457763672,17.020000457763672,17.600000381469727,16.959999084472656,17.309999465942383,21207200
2023-10-26,16.170000076293945,16.170000076293945,17.010000228881836,15.880000114440918,16.950000762939453,29444900
2023-10-27,16.010000228881836,16.010000228881836,16.809999465942383,15.930000305175781,16.709999084472656,23930300
2023-10-30,15.720000267028809,15.720000267028809,16.25,15.289999961853027,16.059999465942383,28495600
2023-10-31,16.219999313354492,16.219999313354492,16.43000030517578,15.449999809265137,15.710000038146973,42227100
